Problem_Number,Minimum_Time_ns,Maximum_Time_ns,Mean_Time_ns,Stddev_Time_ns,Sigma_Low_ns,Sigma_High_ns
1,0.791,16.792,0.8899187999999998,0.39225488141737547,0.4976639185826243,1.2821736814173752
2,5.041,28.708,5.296707800000004,0.9801630320391077,4.316544767960896,6.276870832039111
3,558.4677419354839,776.2096774193549,565.5475010752691,18.66317084229735,546.8843302329717,584.2106719175665
4,14750.0,5.3185042e7,22150.0947,531690.9765263329,-509540.8818263329,553841.0712263329
5,290.9051094890511,425.7883211678832,295.2550598540146,11.52486788715557,283.730191966859,306.7799277411701
6,0.791,18.5,0.9030947999999999,0.5025533316953333,0.4005414683046665,1.405648131695333
7,997709.0,4.766042e6,1.073641813668601e6,174256.1437534677,899385.6699151333,1.2478979574220688e6
8,41833.0,143584.0,42833.5067,2774.6516646492987,40058.8550353507,45608.158364649295
