Problem_Number,Minimum_Time_ns,Maximum_Time_ns,Mean_Time_ns,Stddev_Time_ns,Sigma_Low_ns,Sigma_High_ns
1,1.166,15.292,1.2832940000000002,0.2569247671938221,1.026369232806178,1.5402187671938223
2,7.416,41.167,7.8284687,1.8557218136254323,5.972746886374567,9.684190513625433
3,815.4069767441861,1445.7441860465117,834.3647511627895,48.610291378636795,785.7544597841527,882.9750425414263
4,22000.0,215083.0,22959.338,4406.649924774143,18552.68807522586,27365.98792477414
5,424.62311557788945,983.6683417085427,435.73828944723607,26.010441222158413,409.72784822507765,461.7487306693945
