Problem_Number,Minimum_Time_ns,Maximum_Time_ns,Mean_Time_ns,Stddev_Time_ns,Sigma_Low_ns,Sigma_High_ns
1,0.791,15.709,0.9049389999999999,0.4069546961167414,0.49798430388325854,1.3118936961167413
2,5.042,21.041,5.272237300000005,0.8080203215716285,4.464216978428376,6.080257621571634
3,558.6881720430108,795.4731182795699,567.0221172043013,20.799019871338135,546.2230973329631,587.8211370756394
4,15000.0,5.3304417e7,22361.9265,532882.4454549598,-510520.51895495976,555244.3719549598
5,290.8966789667897,435.1180811808118,295.21858819188225,11.310295493126238,283.908292698756,306.5288836850085
6,0.791,19.25,0.9012524,0.46545972368152,0.43579267631847995,1.3667121236815198
7,1.007667e6,3.799792e6,1.0507008572029443e6,131887.3092758415,918813.5479271029,1.182588166478786e6
8,41833.0,70458.0,42648.278,2182.1093080364276,40466.16869196357,44830.38730803643
9,106.77326203208555,227.54010695187165,108.34928406417109,4.3126043552817865,104.0366797088893,112.66188841945288
