Problem_Number,Minimum_Time_ns,Maximum_Time_ns,Mean_Time_ns,Stddev_Time_ns,Sigma_Low_ns,Sigma_High_ns
1,0.75,13.375,0.8898349,0.35482114571504136,0.5350137542849587,1.2446560457150413
2,5.042,26.708,5.281691400000003,0.8936327624463266,4.3880586375536765,6.17532416244633
3,558.6881720430108,756.7204301075269,565.9597688172046,18.735760389063127,547.2240084281415,584.6955292062677
4,14708.0,5.3509792e7,22233.6389,534937.3674824773,-512703.7285824773,557171.0063824774
5,290.90942028985506,429.9492753623188,295.4889985507246,11.749299660610173,283.7396988901144,307.2382982113348
6,0.75,10.917,0.8937441999999999,0.3747053244542667,0.5190388755457331,1.2684495244542666
7,997583.0,2.392084e6,1.0396196208905535e6,86794.2205478528,952825.4003427007,1.1264138414384061e6
