Problem_Number,Minimum_Time_ns,Maximum_Time_ns,Mean_Time_ns,Stddev_Time_ns,Sigma_Low_ns,Sigma_High_ns
1,0.75,22.208,0.8858263999999999,0.46468969271341853,0.42113670728658137,1.3505160927134185
2,5.041,23.417,5.2816671000000035,0.8952793225491854,4.386387777450818,6.176946422549189
3,558.6881720430108,801.9731182795699,564.0494478494626,15.073974223036736,548.9754736264258,579.1234220724994
4,14791.0,5.139325e7,21519.7381,513774.86280351307,-492255.12470351305,535294.600903513
5,290.9214285714286,368.00357142857143,292.6186414285714,4.879728159342138,287.7389132692292,297.49836958791354
6,0.791,22.083,0.868715,0.22213966772775548,0.6465753322722445,1.0908546677277555
